{
  "Total" : {
    "transaction" : "Total",
    "sampleCount" : 5000,
    "errorCount" : 0,
    "errorPct" : 0.0,
    "meanResTime" : 0.5195999999999984,
    "medianResTime" : 0.0,
    "minResTime" : 0.0,
    "maxResTime" : 14.0,
    "pct1ResTime" : 1.0,
    "pct2ResTime" : 1.0,
    "pct3ResTime" : 2.0,
    "throughput" : 510.41241322988975,
    "receivedKBytesPerSec" : 235.12367133268683,
    "sentKBytesPerSec" : 91.71473050224581
  },
  "HTTP Request" : {
    "transaction" : "HTTP Request",
    "sampleCount" : 5000,
    "errorCount" : 0,
    "errorPct" : 0.0,
    "meanResTime" : 0.5195999999999984,
    "medianResTime" : 0.0,
    "minResTime" : 0.0,
    "maxResTime" : 14.0,
    "pct1ResTime" : 1.0,
    "pct2ResTime" : 1.0,
    "pct3ResTime" : 2.0,
    "throughput" : 510.41241322988975,
    "receivedKBytesPerSec" : 235.12367133268683,
    "sentKBytesPerSec" : 91.71473050224581
  }
}