{
  "Total" : {
    "transaction" : "Total",
    "sampleCount" : 5000,
    "errorCount" : 0,
    "errorPct" : 0.0,
    "meanResTime" : 0.49119999999999914,
    "medianResTime" : 0.0,
    "minResTime" : 0.0,
    "maxResTime" : 11.0,
    "pct1ResTime" : 1.0,
    "pct2ResTime" : 1.0,
    "pct3ResTime" : 3.0,
    "throughput" : 508.5435313262815,
    "receivedKBytesPerSec" : 234.26276285343775,
    "sentKBytesPerSec" : 91.37891578519121
  },
  "HTTP Request" : {
    "transaction" : "HTTP Request",
    "sampleCount" : 5000,
    "errorCount" : 0,
    "errorPct" : 0.0,
    "meanResTime" : 0.49119999999999914,
    "medianResTime" : 0.0,
    "minResTime" : 0.0,
    "maxResTime" : 11.0,
    "pct1ResTime" : 1.0,
    "pct2ResTime" : 1.0,
    "pct3ResTime" : 3.0,
    "throughput" : 508.5435313262815,
    "receivedKBytesPerSec" : 234.26276285343775,
    "sentKBytesPerSec" : 91.37891578519121
  }
}